,日期,满足条件,文章总数
0,2016-01-01,8,22
1,2016-01-02,2,26
2,2016-01-03,1,28
3,2016-01-04,24,84
4,2016-01-05,14,78
5,2016-01-06,22,71
6,2016-01-07,17,83
7,2016-01-08,26,90
8,2016-01-09,8,39
9,2016-01-10,8,34
10,2016-01-11,17,68
11,2016-01-12,26,69
12,2016-01-13,23,80
13,2016-01-14,16,78
14,2016-01-15,24,89
15,2016-01-16,8,50
16,2016-01-17,4,24
17,2016-01-18,21,82
18,2016-01-19,19,68
19,2016-01-20,41,107
20,2016-01-21,21,92
21,2016-01-22,22,115
22,2016-01-23,12,78
23,2016-01-24,16,72
24,2016-01-25,26,76
25,2016-01-26,33,96
26,2016-01-27,28,79
27,2016-01-28,33,89
28,2016-01-29,27,64
29,2016-01-30,9,33
30,2016-01-31,12,20
31,2016-02-01,17,63
32,2016-02-02,22,93
33,2016-02-03,20,66
34,2016-02-04,18,69
35,2016-02-05,18,91
36,2016-02-06,4,54
37,2016-02-07,4,29
38,2016-02-08,0,15
39,2016-02-09,0,16
40,2016-02-10,0,14
41,2016-02-11,0,14
42,2016-02-12,0,14
43,2016-02-13,0,14
44,2016-02-14,2,34
45,2016-02-15,6,41
46,2016-02-16,7,40
47,2016-02-17,12,45
48,2016-02-18,10,43
49,2016-02-19,10,39
50,2016-02-20,6,45
51,2016-02-21,5,21
52,2016-02-22,15,83
53,2016-02-23,20,90
54,2016-02-24,21,136
55,2016-02-25,16,102
56,2016-02-26,17,96
57,2016-02-27,11,65
58,2016-02-28,5,29
59,2016-02-29,14,76
60,2016-03-01,19,105
61,2016-03-02,24,98
62,2016-03-03,23,82
63,2016-03-04,18,81
64,2016-03-05,13,46
65,2016-03-06,34,59
66,2016-03-07,27,76
67,2016-03-08,24,88
68,2016-03-09,25,84
69,2016-03-10,28,83
70,2016-03-11,23,84
71,2016-03-12,10,43
72,2016-03-13,21,50
73,2016-03-14,17,100
74,2016-03-15,24,98
75,2016-03-16,28,99
76,2016-03-17,19,85
77,2016-03-18,23,71
78,2016-03-19,7,41
79,2016-03-20,8,33
80,2016-03-21,25,94
81,2016-03-22,22,106
82,2016-03-23,21,138
83,2016-03-24,25,143
84,2016-03-25,17,102
85,2016-03-26,9,60
86,2016-03-27,11,31
87,2016-03-28,17,117
88,2016-03-29,17,118
89,2016-03-30,25,133
90,2016-03-31,29,133
91,2016-04-01,18,105
92,2016-04-02,6,29
93,2016-04-03,2,22
94,2016-04-04,2,18
95,2016-04-05,4,41
96,2016-04-06,25,106
97,2016-04-07,15,111
98,2016-04-08,21,118
99,2016-04-09,5,66
100,2016-04-10,3,30
101,2016-04-11,18,112
102,2016-04-12,17,116
103,2016-04-13,22,118
104,2016-04-14,24,124
105,2016-04-15,15,112
106,2016-04-16,9,73
107,2016-04-17,6,23
108,2016-04-18,10,102
109,2016-04-19,20,96
110,2016-04-20,20,76
111,2016-04-21,17,110
112,2016-04-22,15,89
113,2016-04-23,6,76
114,2016-04-24,3,28
115,2016-04-25,21,101
116,2016-04-26,20,124
117,2016-04-27,19,134
118,2016-04-28,14,119
119,2016-04-29,15,103
120,2016-04-30,4,29
121,2016-05-01,6,34
122,2016-05-02,4,35
123,2016-05-03,8,74
124,2016-05-04,18,123
125,2016-05-05,17,143
126,2016-05-06,18,117
127,2016-05-07,9,52
128,2016-05-08,5,30
129,2016-05-09,18,130
130,2016-05-10,18,116
131,2016-05-11,19,122
132,2016-05-12,23,132
133,2016-05-13,22,170
134,2016-05-14,8,66
135,2016-05-15,8,28
136,2016-05-16,22,135
137,2016-05-17,23,119
138,2016-05-18,30,119
139,2016-05-19,21,127
140,2016-05-20,11,122
141,2016-05-21,9,58
142,2016-05-22,6,37
143,2016-05-23,22,129
144,2016-05-24,28,141
145,2016-05-25,17,105
146,2016-05-26,21,104
147,2016-05-27,16,203
148,2016-05-28,5,81
149,2016-05-29,9,32
150,2016-05-30,23,122
151,2016-05-31,37,157
152,2016-06-01,27,103
153,2016-06-02,21,119
154,2016-06-03,17,169
155,2016-06-04,5,76
156,2016-06-05,2,30
157,2016-06-06,19,118
158,2016-06-07,20,118
159,2016-06-08,27,120
160,2016-06-09,4,64
161,2016-06-10,2,33
162,2016-06-11,4,23
163,2016-06-12,4,58
164,2016-06-13,22,116
165,2016-06-14,14,116
166,2016-06-15,17,129
167,2016-06-16,23,120
168,2016-06-17,25,126
169,2016-06-18,8,55
170,2016-06-19,10,32
171,2016-06-20,17,131
172,2016-06-21,14,104
173,2016-06-22,21,127
174,2016-06-23,20,125
175,2016-06-24,17,111
176,2016-06-25,11,55
177,2016-06-26,3,26
178,2016-06-27,24,132
179,2016-06-28,17,114
180,2016-06-29,19,131
181,2016-06-30,27,171
182,2016-07-01,20,140
183,2016-07-02,9,39
184,2016-07-03,0,36
185,2016-07-04,19,125
186,2016-07-05,23,118
187,2016-07-06,21,122
188,2016-07-07,17,127
189,2016-07-08,17,119
190,2016-07-09,3,74
191,2016-07-10,1,37
192,2016-07-11,21,122
193,2016-07-12,16,118
194,2016-07-13,25,114
195,2016-07-14,20,111
196,2016-07-15,21,141
197,2016-07-16,10,55
198,2016-07-17,4,28
199,2016-07-18,24,110
200,2016-07-19,27,124
201,2016-07-20,18,114
202,2016-07-21,22,117
203,2016-07-22,25,143
204,2016-07-23,10,56
205,2016-07-24,0,29
206,2016-07-25,16,134
207,2016-07-26,15,110
208,2016-07-27,25,126
209,2016-07-28,25,137
210,2016-07-29,19,133
211,2016-07-30,10,74
212,2016-07-31,5,30
213,2016-08-01,18,85
214,2016-08-02,13,115
215,2016-08-03,20,96
216,2016-08-04,17,91
217,2016-08-05,34,197
218,2016-08-06,12,48
219,2016-08-07,0,36
220,2016-08-08,13,95
221,2016-08-09,12,104
222,2016-08-10,16,89
223,2016-08-11,17,91
224,2016-08-12,5,114
225,2016-08-13,7,67
226,2016-08-14,3,31
227,2016-08-15,18,124
228,2016-08-16,23,122
229,2016-08-17,16,99
230,2016-08-18,18,95
231,2016-08-19,18,127
232,2016-08-20,12,57
233,2016-08-21,6,29
234,2016-08-22,11,98
235,2016-08-23,14,109
236,2016-08-24,21,105
237,2016-08-25,19,90
238,2016-08-26,19,84
239,2016-08-27,13,53
240,2016-08-28,7,28
241,2016-08-29,26,82
242,2016-08-30,16,82
243,2016-08-31,21,99
244,2016-09-01,24,93
245,2016-09-02,23,84
246,2016-09-03,21,109
247,2016-09-04,27,79
248,2016-09-05,25,86
249,2016-09-06,25,90
250,2016-09-07,20,85
251,2016-09-08,12,80
252,2016-09-09,15,101
253,2016-09-10,7,62
254,2016-09-11,4,28
255,2016-09-12,14,81
256,2016-09-13,18,98
257,2016-09-14,20,120
258,2016-09-15,7,31
259,2016-09-16,1,27
260,2016-09-17,6,30
261,2016-09-18,5,56
262,2016-09-19,14,102
263,2016-09-20,19,100
264,2016-09-21,14,102
265,2016-09-22,22,95
266,2016-09-23,23,96
267,2016-09-24,8,60
268,2016-09-25,5,27
269,2016-09-26,14,74
270,2016-09-27,14,86
271,2016-09-28,18,111
272,2016-09-29,14,134
273,2016-09-30,23,165
274,2016-10-01,6,61
275,2016-10-02,1,33
276,2016-10-03,0,27
277,2016-10-04,0,29
278,2016-10-05,1,25
279,2016-10-06,2,24
280,2016-10-07,2,28
281,2016-10-08,10,48
282,2016-10-09,13,87
283,2016-10-10,20,83
284,2016-10-11,13,106
285,2016-10-12,18,82
286,2016-10-13,12,76
287,2016-10-14,21,101
288,2016-10-15,15,51
289,2016-10-16,5,30
290,2016-10-17,31,147
291,2016-10-18,19,109
292,2016-10-19,24,109
293,2016-10-20,19,149
294,2016-10-21,22,148
295,2016-10-22,8,42
296,2016-10-23,2,19
297,2016-10-24,16,130
298,2016-10-25,16,91
299,2016-10-26,20,105
300,2016-10-27,30,141
301,2016-10-28,16,149
302,2016-10-29,11,53
303,2016-10-30,5,26
304,2016-10-31,24,170
305,2016-11-01,15,224
306,2016-11-02,22,112
307,2016-11-03,22,83
308,2016-11-04,17,107
309,2016-11-05,3,71
310,2016-11-06,3,33
311,2016-11-07,14,135
312,2016-11-08,13,109
313,2016-11-09,20,102
314,2016-11-10,17,115
315,2016-11-11,24,116
316,2016-11-12,8,55
317,2016-11-13,2,42
318,2016-11-14,20,83
319,2016-11-15,11,88
320,2016-11-16,21,99
321,2016-11-17,13,123
322,2016-11-18,18,120
323,2016-11-19,7,60
324,2016-11-20,1,20
325,2016-11-21,24,123
326,2016-11-22,17,106
327,2016-11-23,26,124
328,2016-11-24,18,90
329,2016-11-25,24,135
330,2016-11-26,4,67
331,2016-11-27,5,32
332,2016-11-28,20,124
333,2016-11-29,23,135
334,2016-11-30,27,126
335,2016-12-01,18,98
336,2016-12-02,18,133
337,2016-12-03,15,65
338,2016-12-04,2,30
339,2016-12-05,23,117
340,2016-12-06,16,94
341,2016-12-07,27,113
342,2016-12-08,18,131
343,2016-12-09,12,117
344,2016-12-10,10,55
345,2016-12-11,5,31
346,2016-12-12,20,124
347,2016-12-13,20,162
348,2016-12-14,19,138
349,2016-12-15,20,130
350,2016-12-16,24,108
351,2016-12-17,12,51
352,2016-12-18,7,30
353,2016-12-19,15,95
354,2016-12-20,19,100
355,2016-12-21,39,81
356,2016-12-22,22,88
357,2016-12-23,18,89
358,2016-12-24,8,32
359,2016-12-25,4,24
360,2016-12-26,14,82
361,2016-12-27,20,75
362,2016-12-28,27,97
363,2016-12-29,27,163
364,2016-12-30,23,113
365,2016-12-31,7,23
